{"cameraMode":{"drawMode":0,"name":"Shaded","section":"Shading Mode"},"sceneLighting":true,"audioPlay":false,"sceneViewState":{"showFog":true,"showMaterialUpdate":false,"showSkybox":true,"showFlares":true,"showImageEffects":true,"showParticleSystems":true},"in2DMode":false,"pivot":{"x":446.2769775390625,"y":205.5118865966797,"z":-70.8071060180664},"rotation":{"x":-0.029948081821203233,"y":0.9700066447257996,"z":0.1656995713710785,"w":0.17531104385852815},"size":22.0,"orthographic":false}